-- phpMyAdmin SQL Dump
-- version 4.1.14
-- http://www.phpmyadmin.net
--
-- Client :  127.0.0.1
-- Généré le :  Lun 25 Mai 2015 à 22:45
-- Version du serveur :  5.6.17
-- Version de PHP :  5.5.12

SET SQL_MODE = "NO_AUTO_VALUE_ON_ZERO";
SET time_zone = "+00:00";


/*!40101 SET @OLD_CHARACTER_SET_CLIENT=@@CHARACTER_SET_CLIENT */;
/*!40101 SET @OLD_CHARACTER_SET_RESULTS=@@CHARACTER_SET_RESULTS */;
/*!40101 SET @OLD_COLLATION_CONNECTION=@@COLLATION_CONNECTION */;
/*!40101 SET NAMES utf8 */;

--
-- Base de données :  `bataille-navale_db`
--

-- --------------------------------------------------------

--
-- Structure de la table `matches`
--

CREATE TABLE IF NOT EXISTS `matches` (
  `id` int(10) unsigned NOT NULL AUTO_INCREMENT,
  `user1_id` int(10) unsigned NOT NULL,
  `user2_id` int(10) unsigned NOT NULL,
  `user1_score` int(11) NOT NULL,
  `user2_score` int(11) NOT NULL,
  `end` int(1) NOT NULL,
  `date` datetime NOT NULL,
  PRIMARY KEY (`id`)
) ENGINE=InnoDB  DEFAULT CHARSET=utf8 AUTO_INCREMENT=40 ;

--
-- Contenu de la table `matches`
--

INSERT INTO `matches` (`id`, `user1_id`, `user2_id`, `user1_score`, `user2_score`, `end`, `date`) VALUES
(21, 12, 10, 16, 0, 1, '2015-05-25 17:29:12'),
(22, 12, 10, 0, 4, 1, '2015-05-25 17:31:57'),
(23, 12, 10, 0, 4, 1, '2015-05-25 17:32:28'),
(24, 12, 10, 24, 36, 1, '2015-05-25 17:33:43'),
(25, 12, 10, 4, 12, 1, '2015-05-25 20:08:41'),
(26, 12, 10, 0, 0, 1, '2015-05-25 20:16:22'),
(27, 12, 10, 8, 0, 1, '2015-05-25 20:19:06'),
(28, 12, 10, 20, 4, 1, '2015-05-25 20:21:07'),
(29, 12, 9, 0, 0, 0, '2015-05-25 20:26:19'),
(30, 10, 9, 0, 0, 0, '2015-05-25 20:26:21'),
(31, 12, 9, 0, 0, 0, '2015-05-25 20:26:46'),
(32, 10, 9, 0, 0, 0, '2015-05-25 20:26:48'),
(33, 10, 9, 0, 0, 0, '2015-05-25 20:31:33'),
(34, 12, 10, 24, 4, 1, '2015-05-25 20:31:41'),
(35, 12, 10, 24, 4, 1, '2015-05-25 20:52:59'),
(36, 12, 10, 8, 4, 1, '2015-05-25 21:17:02'),
(37, 10, 12, 8, 4, 1, '2015-05-25 21:19:36'),
(38, 12, 10, 4, 4, 1, '2015-05-25 21:22:11'),
(39, 14, 13, 16, 32, 1, '2015-05-25 21:27:38');

-- --------------------------------------------------------

--
-- Structure de la table `rounds`
--

CREATE TABLE IF NOT EXISTS `rounds` (
  `id` int(10) unsigned NOT NULL AUTO_INCREMENT,
  `match_id` int(10) unsigned NOT NULL,
  `actual_user` int(2) NOT NULL,
  `user1_score` int(11) NOT NULL,
  `user2_score` int(11) NOT NULL,
  `map` varchar(255) NOT NULL,
  `date` datetime NOT NULL,
  PRIMARY KEY (`id`)
) ENGINE=InnoDB  DEFAULT CHARSET=utf8 AUTO_INCREMENT=177 ;

--
-- Contenu de la table `rounds`
--

INSERT INTO `rounds` (`id`, `match_id`, `actual_user`, `user1_score`, `user2_score`, `map`, `date`) VALUES
(51, 21, 0, 0, 0, 'A1=0,A2=0,A3=2,A4=2,A5=2,A6=2,B1=0,B2=2,B3=0,B4=0,B5=0,B6=0,C1=0,C2=2,C3=0,C4=1,C5=1,C6=0,D1=0,D2=2,D3=0,D4=0,D5=0,D6=0,E1=0,E2=2,E3=0,E4=0,E5=1,E6=0,F1=0,F2=0,F3=0,F4=0,F5=1,F6=0', '2015-05-25 17:29:12'),
(52, 21, 1, 4, 0, 'A1=0,A2=0,A3=2,A4=2,A5=2,A6=2,B1=0,B2=2,B3=0,B4=0,B5=0,B6=0,C1=0,C2=2,C3=0,C4=1,C5=1,C6=0,D1=0,D2=4,D3=0,D4=0,D5=0,D6=0,E1=0,E2=2,E3=0,E4=0,E5=1,E6=0,F1=0,F2=0,F3=0,F4=0,F5=1,F6=0', '2015-05-25 17:29:16'),
(53, 21, 1, 8, 0, 'A1=0,A2=0,A3=2,A4=2,A5=2,A6=2,B1=0,B2=2,B3=0,B4=0,B5=0,B6=0,C1=0,C2=2,C3=0,C4=1,C5=1,C6=0,D1=0,D2=4,D3=0,D4=0,D5=0,D6=0,E1=0,E2=2,E3=0,E4=0,E5=1,E6=0,F1=0,F2=0,F3=0,F4=0,F5=1,F6=0', '2015-05-25 17:29:20'),
(54, 21, 1, 12, 0, 'A1=0,A2=0,A3=2,A4=2,A5=2,A6=2,B1=0,B2=2,B3=0,B4=0,B5=0,B6=0,C1=0,C2=2,C3=0,C4=1,C5=1,C6=0,D1=0,D2=4,D3=0,D4=0,D5=0,D6=0,E1=0,E2=2,E3=0,E4=0,E5=1,E6=0,F1=0,F2=0,F3=0,F4=0,F5=1,F6=0', '2015-05-25 17:31:18'),
(55, 21, 1, 16, 0, 'A1=0,A2=0,A3=2,A4=2,A5=2,A6=2,B1=0,B2=2,B3=0,B4=0,B5=0,B6=0,C1=0,C2=2,C3=0,C4=1,C5=1,C6=0,D1=0,D2=4,D3=0,D4=0,D5=0,D6=0,E1=0,E2=2,E3=0,E4=0,E5=1,E6=0,F1=0,F2=0,F3=0,F4=0,F5=1,F6=0', '2015-05-25 17:31:44'),
(56, 22, 0, 0, 0, 'A1=0,A2=0,A3=2,A4=2,A5=2,A6=2,B1=0,B2=2,B3=0,B4=0,B5=0,B6=0,C1=0,C2=2,C3=0,C4=1,C5=1,C6=0,D1=0,D2=2,D3=0,D4=0,D5=0,D6=0,E1=0,E2=2,E3=0,E4=0,E5=1,E6=0,F1=0,F2=0,F3=0,F4=0,F5=1,F6=0', '2015-05-25 17:31:57'),
(57, 22, 1, 0, 0, 'A1=3,A2=0,A3=2,A4=2,A5=2,A6=2,B1=0,B2=2,B3=0,B4=0,B5=0,B6=0,C1=0,C2=2,C3=0,C4=1,C5=1,C6=0,D1=0,D2=2,D3=0,D4=0,D5=0,D6=0,E1=0,E2=2,E3=0,E4=0,E5=1,E6=0,F1=0,F2=0,F3=0,F4=0,F5=1,F6=0', '2015-05-25 17:32:00'),
(58, 22, 2, 0, 4, 'A1=3,A2=0,A3=2,A4=2,A5=2,A6=2,B1=0,B2=2,B3=0,B4=0,B5=0,B6=0,C1=0,C2=4,C3=0,C4=1,C5=1,C6=0,D1=0,D2=2,D3=0,D4=0,D5=0,D6=0,E1=0,E2=2,E3=0,E4=0,E5=1,E6=0,F1=0,F2=0,F3=0,F4=0,F5=1,F6=0', '2015-05-25 17:32:09'),
(59, 23, 0, 0, 0, 'A1=0,A2=0,A3=2,A4=2,A5=2,A6=2,B1=0,B2=2,B3=0,B4=0,B5=0,B6=0,C1=0,C2=2,C3=0,C4=1,C5=1,C6=0,D1=0,D2=2,D3=0,D4=0,D5=0,D6=0,E1=0,E2=2,E3=0,E4=0,E5=1,E6=0,F1=0,F2=0,F3=0,F4=0,F5=1,F6=0', '2015-05-25 17:32:28'),
(60, 23, 1, 0, 0, 'A1=0,A2=3,A3=2,A4=2,A5=2,A6=2,B1=0,B2=2,B3=0,B4=0,B5=0,B6=0,C1=0,C2=2,C3=0,C4=1,C5=1,C6=0,D1=0,D2=2,D3=0,D4=0,D5=0,D6=0,E1=0,E2=2,E3=0,E4=0,E5=1,E6=0,F1=0,F2=0,F3=0,F4=0,F5=1,F6=0', '2015-05-25 17:32:33'),
(61, 23, 2, 0, 4, 'A1=0,A2=3,A3=2,A4=2,A5=2,A6=2,B1=0,B2=2,B3=0,B4=0,B5=0,B6=0,C1=0,C2=2,C3=0,C4=1,C5=1,C6=0,D1=0,D2=2,D3=0,D4=0,D5=0,D6=0,E1=0,E2=4,E3=0,E4=0,E5=1,E6=0,F1=0,F2=0,F3=0,F4=0,F5=1,F6=0', '2015-05-25 17:32:49'),
(62, 24, 0, 0, 0, 'A1=0,A2=0,A3=2,A4=2,A5=2,A6=2,B1=0,B2=2,B3=0,B4=0,B5=0,B6=0,C1=0,C2=2,C3=0,C4=1,C5=1,C6=0,D1=0,D2=2,D3=0,D4=0,D5=0,D6=0,E1=0,E2=2,E3=0,E4=0,E5=1,E6=0,F1=0,F2=0,F3=0,F4=0,F5=1,F6=0', '2015-05-25 17:33:43'),
(63, 24, 1, 4, 0, 'A1=0,A2=0,A3=2,A4=2,A5=2,A6=2,B1=0,B2=2,B3=0,B4=0,B5=0,B6=0,C1=0,C2=2,C3=0,C4=1,C5=1,C6=0,D1=0,D2=4,D3=0,D4=0,D5=0,D6=0,E1=0,E2=2,E3=0,E4=0,E5=1,E6=0,F1=0,F2=0,F3=0,F4=0,F5=1,F6=0', '2015-05-25 17:33:47'),
(64, 24, 2, 4, 4, 'A1=0,A2=0,A3=2,A4=2,A5=2,A6=2,B1=0,B2=2,B3=0,B4=0,B5=0,B6=0,C1=0,C2=4,C3=0,C4=1,C5=1,C6=0,D1=0,D2=4,D3=0,D4=0,D5=0,D6=0,E1=0,E2=2,E3=0,E4=0,E5=1,E6=0,F1=0,F2=0,F3=0,F4=0,F5=1,F6=0', '2015-05-25 17:41:56'),
(65, 24, 1, 8, 4, 'A1=0,A2=0,A3=2,A4=2,A5=2,A6=2,B1=0,B2=4,B3=0,B4=0,B5=0,B6=0,C1=0,C2=4,C3=0,C4=1,C5=1,C6=0,D1=0,D2=4,D3=0,D4=0,D5=0,D6=0,E1=0,E2=2,E3=0,E4=0,E5=1,E6=0,F1=0,F2=0,F3=0,F4=0,F5=1,F6=0', '2015-05-25 17:57:14'),
(66, 24, 1, 8, 4, 'A1=0,A2=0,A3=2,A4=2,A5=2,A6=2,B1=0,B2=4,B3=0,B4=0,B5=0,B6=0,C1=0,C2=4,C3=0,C4=1,C5=1,C6=0,D1=0,D2=4,D3=0,D4=0,D5=0,D6=0,E1=0,E2=2,E3=0,E4=0,E5=1,E6=0,F1=0,F2=0,F3=0,F4=0,F5=1,F6=0', '2015-05-25 17:57:19'),
(67, 24, 1, 8, 4, 'A1=0,A2=0,A3=2,A4=2,A5=2,A6=2,B1=0,B2=4,B3=0,B4=0,B5=0,B6=0,C1=0,C2=4,C3=0,C4=1,C5=1,C6=0,D1=0,D2=4,D3=0,D4=0,D5=0,D6=0,E1=0,E2=2,E3=0,E4=0,E5=1,E6=0,F1=0,F2=0,F3=0,F4=0,F5=1,F6=0', '2015-05-25 17:57:24'),
(68, 24, 2, 8, 4, 'A1=0,A2=3,A3=2,A4=2,A5=2,A6=2,B1=0,B2=4,B3=0,B4=0,B5=0,B6=0,C1=0,C2=4,C3=0,C4=1,C5=1,C6=0,D1=0,D2=4,D3=0,D4=0,D5=0,D6=0,E1=0,E2=2,E3=0,E4=0,E5=1,E6=0,F1=0,F2=0,F3=0,F4=0,F5=1,F6=0', '2015-05-25 18:05:17'),
(69, 24, 1, 8, 4, 'A1=0,A2=3,A3=2,A4=2,A5=2,A6=2,B1=0,B2=4,B3=0,B4=0,B5=0,B6=0,C1=0,C2=4,C3=0,C4=1,C5=1,C6=0,D1=0,D2=4,D3=0,D4=0,D5=0,D6=0,E1=0,E2=2,E3=0,E4=0,E5=1,E6=0,F1=0,F2=0,F3=0,F4=0,F5=1,F6=0', '2015-05-25 18:38:35'),
(70, 24, 2, 8, 8, 'A1=0,A2=3,A3=2,A4=2,A5=2,A6=2,B1=0,B2=4,B3=0,B4=0,B5=0,B6=0,C1=0,C2=4,C3=0,C4=4,C5=1,C6=0,D1=0,D2=4,D3=0,D4=0,D5=0,D6=0,E1=0,E2=2,E3=0,E4=0,E5=1,E6=0,F1=0,F2=0,F3=0,F4=0,F5=1,F6=0', '2015-05-25 18:40:19'),
(71, 24, 1, 8, 4, 'A1=0,A2=3,A3=2,A4=2,A5=2,A6=2,B1=0,B2=4,B3=0,B4=0,B5=0,B6=0,C1=0,C2=4,C3=0,C4=1,C5=1,C6=0,D1=0,D2=4,D3=0,D4=0,D5=0,D6=0,E1=0,E2=2,E3=0,E4=0,E5=1,E6=0,F1=0,F2=0,F3=0,F4=0,F5=1,F6=0', '2015-05-25 18:41:25'),
(72, 24, 2, 8, 4, 'A1=3,A2=3,A3=2,A4=2,A5=2,A6=2,B1=0,B2=4,B3=0,B4=0,B5=0,B6=0,C1=0,C2=4,C3=0,C4=1,C5=1,C6=0,D1=0,D2=4,D3=0,D4=0,D5=0,D6=0,E1=0,E2=2,E3=0,E4=0,E5=1,E6=0,F1=0,F2=0,F3=0,F4=0,F5=1,F6=0', '2015-05-25 18:41:42'),
(73, 24, 1, 12, 4, 'A1=3,A2=3,A3=2,A4=2,A5=2,A6=2,B1=0,B2=4,B3=0,B4=0,B5=0,B6=0,C1=0,C2=4,C3=0,C4=4,C5=1,C6=0,D1=0,D2=4,D3=0,D4=0,D5=0,D6=0,E1=0,E2=2,E3=0,E4=0,E5=1,E6=0,F1=0,F2=0,F3=0,F4=0,F5=1,F6=0', '2015-05-25 18:43:22'),
(74, 24, 2, 12, 4, 'A1=3,A2=3,A3=2,A4=2,A5=2,A6=2,B1=0,B2=4,B3=0,B4=0,B5=0,B6=0,C1=0,C2=4,C3=0,C4=4,C5=1,C6=0,D1=0,D2=4,D3=0,D4=0,D5=0,D6=0,E1=0,E2=2,E3=0,E4=0,E5=1,E6=0,F1=0,F2=0,F3=0,F4=0,F5=1,F6=0', '2015-05-25 18:43:38'),
(75, 24, 1, 12, 4, 'A1=3,A2=3,A3=2,A4=2,A5=2,A6=2,B1=0,B2=4,B3=0,B4=0,B5=0,B6=0,C1=0,C2=4,C3=0,C4=4,C5=1,C6=0,D1=0,D2=4,D3=0,D4=3,D5=0,D6=0,E1=0,E2=2,E3=0,E4=0,E5=1,E6=0,F1=0,F2=0,F3=0,F4=0,F5=1,F6=0', '2015-05-25 19:29:44'),
(76, 24, 2, 12, 4, 'A1=3,A2=3,A3=2,A4=2,A5=2,A6=2,B1=0,B2=4,B3=0,B4=3,B5=0,B6=0,C1=0,C2=4,C3=0,C4=4,C5=1,C6=0,D1=0,D2=4,D3=0,D4=3,D5=0,D6=0,E1=0,E2=2,E3=0,E4=0,E5=1,E6=0,F1=0,F2=0,F3=0,F4=0,F5=1,F6=0', '2015-05-25 19:30:19'),
(77, 24, 1, 16, 4, 'A1=3,A2=3,A3=2,A4=2,A5=2,A6=2,B1=0,B2=4,B3=0,B4=3,B5=0,B6=0,C1=0,C2=4,C3=0,C4=4,C5=4,C6=0,D1=0,D2=4,D3=0,D4=3,D5=0,D6=0,E1=0,E2=2,E3=0,E4=0,E5=1,E6=0,F1=0,F2=0,F3=0,F4=0,F5=1,F6=0', '2015-05-25 19:34:05'),
(78, 24, 2, 16, 8, 'A1=3,A2=3,A3=4,A4=2,A5=2,A6=2,B1=0,B2=4,B3=0,B4=3,B5=0,B6=0,C1=0,C2=4,C3=0,C4=4,C5=4,C6=0,D1=0,D2=4,D3=0,D4=3,D5=0,D6=0,E1=0,E2=2,E3=0,E4=0,E5=1,E6=0,F1=0,F2=0,F3=0,F4=0,F5=1,F6=0', '2015-05-25 19:34:53'),
(79, 24, 1, 20, 8, 'A1=3,A2=3,A3=4,A4=2,A5=4,A6=2,B1=0,B2=4,B3=0,B4=3,B5=0,B6=0,C1=0,C2=4,C3=0,C4=4,C5=4,C6=0,D1=0,D2=4,D3=0,D4=3,D5=0,D6=0,E1=0,E2=2,E3=0,E4=0,E5=1,E6=0,F1=0,F2=0,F3=0,F4=0,F5=1,F6=0', '2015-05-25 19:35:59'),
(80, 24, 2, 20, 12, 'A1=3,A2=3,A3=4,A4=4,A5=4,A6=2,B1=0,B2=4,B3=0,B4=3,B5=0,B6=0,C1=0,C2=4,C3=0,C4=4,C5=4,C6=0,D1=0,D2=4,D3=0,D4=3,D5=0,D6=0,E1=0,E2=2,E3=0,E4=0,E5=1,E6=0,F1=0,F2=0,F3=0,F4=0,F5=1,F6=0', '2015-05-25 19:36:25'),
(81, 24, 1, 24, 12, 'A1=3,A2=3,A3=4,A4=4,A5=4,A6=4,B1=0,B2=4,B3=0,B4=3,B5=0,B6=0,C1=0,C2=4,C3=0,C4=4,C5=4,C6=0,D1=0,D2=4,D3=0,D4=3,D5=0,D6=0,E1=0,E2=2,E3=0,E4=0,E5=1,E6=0,F1=0,F2=0,F3=0,F4=0,F5=1,F6=0', '2015-05-25 19:37:11'),
(82, 24, 2, 24, 16, 'A1=3,A2=3,A3=4,A4=4,A5=4,A6=4,B1=0,B2=4,B3=0,B4=3,B5=0,B6=0,C1=0,C2=4,C3=0,C4=4,C5=4,C6=0,D1=0,D2=4,D3=0,D4=3,D5=0,D6=0,E1=0,E2=2,E3=0,E4=0,E5=1,E6=0,F1=0,F2=0,F3=0,F4=0,F5=4,F6=0', '2015-05-25 19:38:07'),
(83, 24, 1, 24, 16, 'A1=3,A2=3,A3=4,A4=4,A5=4,A6=4,B1=0,B2=4,B3=0,B4=3,B5=0,B6=0,C1=0,C2=4,C3=0,C4=4,C5=4,C6=0,D1=0,D2=4,D3=0,D4=3,D5=0,D6=0,E1=0,E2=2,E3=0,E4=0,E5=1,E6=0,F1=0,F2=0,F3=0,F4=0,F5=4,F6=3', '2015-05-25 19:38:35'),
(84, 24, 2, 24, 16, 'A1=3,A2=3,A3=4,A4=4,A5=4,A6=4,B1=0,B2=4,B3=0,B4=3,B5=0,B6=0,C1=0,C2=4,C3=0,C4=4,C5=4,C6=0,D1=0,D2=4,D3=0,D4=3,D5=0,D6=0,E1=0,E2=2,E3=0,E4=0,E5=1,E6=0,F1=0,F2=0,F3=0,F4=3,F5=4,F6=3', '2015-05-25 19:38:58'),
(85, 24, 1, 24, 16, 'A1=3,A2=3,A3=4,A4=4,A5=4,A6=4,B1=0,B2=4,B3=0,B4=3,B5=0,B6=0,C1=0,C2=4,C3=0,C4=4,C5=4,C6=0,D1=0,D2=4,D3=0,D4=3,D5=0,D6=0,E1=0,E2=2,E3=0,E4=3,E5=1,E6=0,F1=0,F2=0,F3=0,F4=3,F5=4,F6=3', '2015-05-25 19:39:40'),
(86, 24, 2, 24, 20, 'A1=3,A2=3,A3=4,A4=4,A5=4,A6=4,B1=0,B2=4,B3=0,B4=3,B5=0,B6=0,C1=0,C2=4,C3=0,C4=4,C5=4,C6=0,D1=0,D2=4,D3=0,D4=3,D5=0,D6=0,E1=0,E2=2,E3=0,E4=3,E5=4,E6=0,F1=0,F2=0,F3=0,F4=3,F5=4,F6=3', '2015-05-25 19:40:15'),
(87, 24, 1, 24, 20, 'A1=3,A2=3,A3=4,A4=4,A5=4,A6=4,B1=0,B2=4,B3=0,B4=3,B5=0,B6=0,C1=0,C2=4,C3=0,C4=4,C5=4,C6=0,D1=0,D2=4,D3=0,D4=3,D5=3,D6=0,E1=0,E2=2,E3=0,E4=3,E5=4,E6=0,F1=0,F2=0,F3=0,F4=3,F5=4,F6=3', '2015-05-25 19:40:31'),
(88, 24, 2, 24, 24, 'A1=3,A2=3,A3=4,A4=4,A5=4,A6=4,B1=0,B2=4,B3=0,B4=3,B5=0,B6=0,C1=0,C2=4,C3=0,C4=4,C5=4,C6=0,D1=0,D2=4,D3=0,D4=3,D5=3,D6=0,E1=0,E2=4,E3=0,E4=3,E5=4,E6=0,F1=0,F2=0,F3=0,F4=3,F5=4,F6=3', '2015-05-25 19:41:15'),
(89, 24, 2, 24, 28, 'A1=3,A2=3,A3=4,A4=4,A5=4,A6=4,B1=0,B2=4,B3=0,B4=3,B5=0,B6=0,C1=0,C2=4,C3=0,C4=4,C5=4,C6=0,D1=0,D2=4,D3=0,D4=3,D5=3,D6=0,E1=0,E2=4,E3=0,E4=3,E5=4,E6=0,F1=0,F2=0,F3=0,F4=3,F5=4,F6=3', '2015-05-25 19:42:05'),
(90, 24, 2, 24, 32, 'A1=3,A2=3,A3=4,A4=4,A5=4,A6=4,B1=0,B2=4,B3=0,B4=3,B5=0,B6=0,C1=0,C2=4,C3=0,C4=4,C5=4,C6=0,D1=0,D2=4,D3=0,D4=3,D5=3,D6=0,E1=0,E2=4,E3=0,E4=3,E5=4,E6=0,F1=0,F2=0,F3=0,F4=3,F5=4,F6=3', '2015-05-25 20:03:13'),
(91, 25, 0, 0, 0, 'A1=1,A2=1,A3=0,A4=0,A5=0,A6=0,B1=0,B2=0,B3=0,B4=0,B5=0,B6=0,C1=0,C2=0,C3=0,C4=0,C5=0,C6=0,D1=0,D2=0,D3=0,D4=0,D5=0,D6=0,E1=0,E2=0,E3=0,E4=0,E5=0,E6=0,F1=0,F2=0,F3=0,F4=0,F5=0,F6=0', '2015-05-25 20:08:41'),
(92, 25, 1, 4, 0, 'A1=4,A2=1,A3=0,A4=0,A5=0,A6=0,B1=0,B2=0,B3=0,B4=0,B5=0,B6=0,C1=0,C2=0,C3=0,C4=0,C5=0,C6=0,D1=0,D2=0,D3=0,D4=0,D5=0,D6=0,E1=0,E2=0,E3=0,E4=0,E5=0,E6=0,F1=0,F2=0,F3=0,F4=0,F5=0,F6=0', '2015-05-25 20:08:45'),
(93, 24, 2, 24, 36, 'A1=3,A2=3,A3=4,A4=4,A5=4,A6=4,B1=0,B2=4,B3=0,B4=3,B5=0,B6=0,C1=0,C2=4,C3=0,C4=4,C5=4,C6=0,D1=0,D2=4,D3=0,D4=3,D5=3,D6=0,E1=0,E2=4,E3=0,E4=3,E5=4,E6=0,F1=0,F2=0,F3=0,F4=3,F5=4,F6=3', '2015-05-25 20:08:49'),
(94, 25, 2, 4, 4, 'A1=4,A2=4,A3=0,A4=0,A5=0,A6=0,B1=0,B2=0,B3=0,B4=0,B5=0,B6=0,C1=0,C2=0,C3=0,C4=0,C5=0,C6=0,D1=0,D2=0,D3=0,D4=0,D5=0,D6=0,E1=0,E2=0,E3=0,E4=0,E5=0,E6=0,F1=0,F2=0,F3=0,F4=0,F5=0,F6=0', '2015-05-25 20:08:57'),
(95, 25, 2, 4, 8, 'A1=4,A2=4,A3=0,A4=0,A5=0,A6=0,B1=0,B2=0,B3=0,B4=0,B5=0,B6=0,C1=0,C2=0,C3=0,C4=0,C5=0,C6=0,D1=0,D2=0,D3=0,D4=0,D5=0,D6=0,E1=0,E2=0,E3=0,E4=0,E5=0,E6=0,F1=0,F2=0,F3=0,F4=0,F5=0,F6=0', '2015-05-25 20:11:42'),
(96, 25, 2, 4, 12, 'A1=4,A2=4,A3=0,A4=0,A5=0,A6=0,B1=0,B2=0,B3=0,B4=0,B5=0,B6=0,C1=0,C2=0,C3=0,C4=0,C5=0,C6=0,D1=0,D2=0,D3=0,D4=0,D5=0,D6=0,E1=0,E2=0,E3=0,E4=0,E5=0,E6=0,F1=0,F2=0,F3=0,F4=0,F5=0,F6=0', '2015-05-25 20:12:46'),
(97, 25, 2, 4, 12, 'A1=4,A2=4,A3=0,A4=0,A5=0,A6=0,B1=0,B2=0,B3=0,B4=0,B5=0,B6=0,C1=0,C2=0,C3=0,C4=0,C5=0,C6=0,D1=0,D2=0,D3=0,D4=0,D5=0,D6=0,E1=0,E2=0,E3=0,E4=0,E5=0,E6=0,F1=0,F2=0,F3=0,F4=0,F5=0,F6=0', '2015-05-25 20:15:54'),
(98, 25, 2, 4, 12, 'A1=4,A2=4,A3=0,A4=0,A5=0,A6=0,B1=0,B2=0,B3=0,B4=0,B5=0,B6=0,C1=0,C2=0,C3=0,C4=0,C5=0,C6=0,D1=0,D2=0,D3=0,D4=0,D5=0,D6=0,E1=0,E2=0,E3=0,E4=0,E5=0,E6=0,F1=0,F2=0,F3=0,F4=0,F5=0,F6=0', '2015-05-25 20:16:02'),
(99, 25, 2, 4, 12, 'A1=4,A2=4,A3=0,A4=0,A5=0,A6=0,B1=0,B2=0,B3=0,B4=0,B5=0,B6=0,C1=0,C2=0,C3=0,C4=0,C5=0,C6=0,D1=0,D2=0,D3=0,D4=0,D5=0,D6=0,E1=0,E2=0,E3=0,E4=0,E5=0,E6=0,F1=0,F2=0,F3=0,F4=0,F5=0,F6=0', '2015-05-25 20:16:03'),
(100, 26, 0, 0, 0, 'A1=1,A2=1,A3=0,A4=0,A5=0,A6=0,B1=0,B2=0,B3=0,B4=0,B5=0,B6=0,C1=0,C2=0,C3=0,C4=0,C5=0,C6=0,D1=0,D2=0,D3=0,D4=0,D5=0,D6=0,E1=0,E2=0,E3=0,E4=0,E5=0,E6=0,F1=0,F2=0,F3=0,F4=0,F5=0,F6=0', '2015-05-25 20:16:22'),
(101, 26, 1, 0, 0, 'A1=4,A2=1,A3=0,A4=0,A5=0,A6=0,B1=0,B2=0,B3=0,B4=0,B5=0,B6=0,C1=0,C2=0,C3=0,C4=0,C5=0,C6=0,D1=0,D2=0,D3=0,D4=0,D5=0,D6=0,E1=0,E2=0,E3=0,E4=0,E5=0,E6=0,F1=0,F2=0,F3=0,F4=0,F5=0,F6=0', '2015-05-25 20:16:34'),
(102, 26, 2, 0, 0, 'A1=4,A2=4,A3=0,A4=0,A5=0,A6=0,B1=0,B2=0,B3=0,B4=0,B5=0,B6=0,C1=0,C2=0,C3=0,C4=0,C5=0,C6=0,D1=0,D2=0,D3=0,D4=0,D5=0,D6=0,E1=0,E2=0,E3=0,E4=0,E5=0,E6=0,F1=0,F2=0,F3=0,F4=0,F5=0,F6=0', '2015-05-25 20:16:56'),
(103, 26, 2, 0, 0, 'A1=4,A2=4,A3=0,A4=0,A5=0,A6=0,B1=0,B2=0,B3=0,B4=0,B5=0,B6=0,C1=0,C2=0,C3=0,C4=0,C5=0,C6=0,D1=0,D2=0,D3=0,D4=0,D5=0,D6=0,E1=0,E2=0,E3=0,E4=0,E5=0,E6=0,F1=0,F2=0,F3=0,F4=0,F5=0,F6=0', '2015-05-25 20:17:07'),
(104, 27, 0, 0, 0, 'A1=1,A2=1,A3=0,A4=0,A5=0,A6=0,B1=0,B2=0,B3=0,B4=0,B5=0,B6=0,C1=0,C2=0,C3=0,C4=0,C5=0,C6=0,D1=0,D2=0,D3=0,D4=0,D5=0,D6=0,E1=0,E2=0,E3=0,E4=0,E5=0,E6=0,F1=0,F2=0,F3=0,F4=0,F5=0,F6=0', '2015-05-25 20:19:06'),
(105, 27, 1, 4, 0, 'A1=4,A2=1,A3=0,A4=0,A5=0,A6=0,B1=0,B2=0,B3=0,B4=0,B5=0,B6=0,C1=0,C2=0,C3=0,C4=0,C5=0,C6=0,D1=0,D2=0,D3=0,D4=0,D5=0,D6=0,E1=0,E2=0,E3=0,E4=0,E5=0,E6=0,F1=0,F2=0,F3=0,F4=0,F5=0,F6=0', '2015-05-25 20:19:10'),
(106, 27, 2, 4, 0, 'A1=4,A2=1,A3=0,A4=0,A5=3,A6=0,B1=0,B2=0,B3=0,B4=0,B5=0,B6=0,C1=0,C2=0,C3=0,C4=0,C5=0,C6=0,D1=0,D2=0,D3=0,D4=0,D5=0,D6=0,E1=0,E2=0,E3=0,E4=0,E5=0,E6=0,F1=0,F2=0,F3=0,F4=0,F5=0,F6=0', '2015-05-25 20:19:36'),
(107, 27, 1, 8, 0, 'A1=4,A2=4,A3=0,A4=0,A5=3,A6=0,B1=0,B2=0,B3=0,B4=0,B5=0,B6=0,C1=0,C2=0,C3=0,C4=0,C5=0,C6=0,D1=0,D2=0,D3=0,D4=0,D5=0,D6=0,E1=0,E2=0,E3=0,E4=0,E5=0,E6=0,F1=0,F2=0,F3=0,F4=0,F5=0,F6=0', '2015-05-25 20:20:24'),
(108, 28, 0, 0, 0, 'A1=1,A2=1,A3=2,A4=0,A5=0,A6=0,B1=0,B2=0,B3=0,B4=0,B5=0,B6=0,C1=0,C2=0,C3=0,C4=0,C5=0,C6=0,D1=0,D2=0,D3=0,D4=0,D5=0,D6=0,E1=0,E2=0,E3=0,E4=0,E5=0,E6=0,F1=0,F2=0,F3=0,F4=0,F5=0,F6=0', '2015-05-25 20:21:07'),
(109, 28, 1, 4, 0, 'A1=4,A2=1,A3=2,A4=0,A5=0,A6=0,B1=0,B2=0,B3=0,B4=0,B5=0,B6=0,C1=0,C2=0,C3=0,C4=0,C5=0,C6=0,D1=0,D2=0,D3=0,D4=0,D5=0,D6=0,E1=0,E2=0,E3=0,E4=0,E5=0,E6=0,F1=0,F2=0,F3=0,F4=0,F5=0,F6=0', '2015-05-25 20:22:07'),
(110, 28, 2, 4, 4, 'A1=4,A2=4,A3=2,A4=0,A5=0,A6=0,B1=0,B2=0,B3=0,B4=0,B5=0,B6=0,C1=0,C2=0,C3=0,C4=0,C5=0,C6=0,D1=0,D2=0,D3=0,D4=0,D5=0,D6=0,E1=0,E2=0,E3=0,E4=0,E5=0,E6=0,F1=0,F2=0,F3=0,F4=0,F5=0,F6=0', '2015-05-25 20:22:24'),
(111, 28, 1, 8, 4, 'A1=4,A2=4,A3=4,A4=0,A5=0,A6=0,B1=0,B2=0,B3=0,B4=0,B5=0,B6=0,C1=0,C2=0,C3=0,C4=0,C5=0,C6=0,D1=0,D2=0,D3=0,D4=0,D5=0,D6=0,E1=0,E2=0,E3=0,E4=0,E5=0,E6=0,F1=0,F2=0,F3=0,F4=0,F5=0,F6=0', '2015-05-25 20:23:00'),
(112, 28, 1, 12, 4, 'A1=4,A2=4,A3=4,A4=0,A5=0,A6=0,B1=0,B2=0,B3=0,B4=0,B5=0,B6=0,C1=0,C2=0,C3=0,C4=0,C5=0,C6=0,D1=0,D2=0,D3=0,D4=0,D5=0,D6=0,E1=0,E2=0,E3=0,E4=0,E5=0,E6=0,F1=0,F2=0,F3=0,F4=0,F5=0,F6=0', '2015-05-25 20:23:26'),
(113, 28, 1, 16, 4, 'A1=4,A2=4,A3=4,A4=0,A5=0,A6=0,B1=0,B2=0,B3=0,B4=0,B5=0,B6=0,C1=0,C2=0,C3=0,C4=0,C5=0,C6=0,D1=0,D2=0,D3=0,D4=0,D5=0,D6=0,E1=0,E2=0,E3=0,E4=0,E5=0,E6=0,F1=0,F2=0,F3=0,F4=0,F5=0,F6=0', '2015-05-25 20:23:49'),
(114, 28, 1, 20, 4, 'A1=4,A2=4,A3=4,A4=0,A5=0,A6=0,B1=0,B2=0,B3=0,B4=0,B5=0,B6=0,C1=0,C2=0,C3=0,C4=0,C5=0,C6=0,D1=0,D2=0,D3=0,D4=0,D5=0,D6=0,E1=0,E2=0,E3=0,E4=0,E5=0,E6=0,F1=0,F2=0,F3=0,F4=0,F5=0,F6=0', '2015-05-25 20:23:55'),
(115, 29, 0, 0, 0, 'A1=1,A2=1,A3=2,A4=0,A5=0,A6=0,B1=0,B2=0,B3=0,B4=0,B5=0,B6=0,C1=0,C2=0,C3=0,C4=0,C5=0,C6=0,D1=0,D2=0,D3=0,D4=0,D5=0,D6=0,E1=0,E2=0,E3=0,E4=0,E5=0,E6=0,F1=0,F2=0,F3=0,F4=0,F5=0,F6=0', '2015-05-25 20:26:19'),
(116, 30, 0, 0, 0, 'A1=1,A2=1,A3=2,A4=0,A5=0,A6=0,B1=0,B2=0,B3=0,B4=0,B5=0,B6=0,C1=0,C2=0,C3=0,C4=0,C5=0,C6=0,D1=0,D2=0,D3=0,D4=0,D5=0,D6=0,E1=0,E2=0,E3=0,E4=0,E5=0,E6=0,F1=0,F2=0,F3=0,F4=0,F5=0,F6=0', '2015-05-25 20:26:21'),
(117, 31, 0, 0, 0, 'A1=1,A2=1,A3=2,A4=0,A5=0,A6=0,B1=0,B2=0,B3=0,B4=0,B5=0,B6=0,C1=0,C2=0,C3=0,C4=0,C5=0,C6=0,D1=0,D2=0,D3=0,D4=0,D5=0,D6=0,E1=0,E2=0,E3=0,E4=0,E5=0,E6=0,F1=0,F2=0,F3=0,F4=0,F5=0,F6=0', '2015-05-25 20:26:46'),
(118, 32, 0, 0, 0, 'A1=1,A2=1,A3=2,A4=0,A5=0,A6=0,B1=0,B2=0,B3=0,B4=0,B5=0,B6=0,C1=0,C2=0,C3=0,C4=0,C5=0,C6=0,D1=0,D2=0,D3=0,D4=0,D5=0,D6=0,E1=0,E2=0,E3=0,E4=0,E5=0,E6=0,F1=0,F2=0,F3=0,F4=0,F5=0,F6=0', '2015-05-25 20:26:48'),
(119, 31, 1, 4, 0, 'A1=4,A2=1,A3=2,A4=0,A5=0,A6=0,B1=0,B2=0,B3=0,B4=0,B5=0,B6=0,C1=0,C2=0,C3=0,C4=0,C5=0,C6=0,D1=0,D2=0,D3=0,D4=0,D5=0,D6=0,E1=0,E2=0,E3=0,E4=0,E5=0,E6=0,F1=0,F2=0,F3=0,F4=0,F5=0,F6=0', '2015-05-25 20:26:58'),
(120, 33, 0, 0, 0, 'A1=1,A2=1,A3=2,A4=0,A5=0,A6=0,B1=0,B2=0,B3=0,B4=0,B5=0,B6=0,C1=0,C2=0,C3=0,C4=0,C5=0,C6=0,D1=0,D2=0,D3=0,D4=0,D5=0,D6=0,E1=0,E2=0,E3=0,E4=0,E5=0,E6=0,F1=0,F2=0,F3=0,F4=0,F5=0,F6=0', '2015-05-25 20:31:33'),
(121, 34, 0, 0, 0, 'A1=1,A2=1,A3=2,A4=0,A5=0,A6=0,B1=0,B2=0,B3=0,B4=0,B5=0,B6=0,C1=0,C2=0,C3=0,C4=0,C5=0,C6=0,D1=0,D2=0,D3=0,D4=0,D5=0,D6=0,E1=0,E2=0,E3=0,E4=0,E5=0,E6=0,F1=0,F2=0,F3=0,F4=0,F5=0,F6=0', '2015-05-25 20:31:41'),
(122, 34, 1, 4, 0, 'A1=4,A2=1,A3=2,A4=0,A5=0,A6=0,B1=0,B2=0,B3=0,B4=0,B5=0,B6=0,C1=0,C2=0,C3=0,C4=0,C5=0,C6=0,D1=0,D2=0,D3=0,D4=0,D5=0,D6=0,E1=0,E2=0,E3=0,E4=0,E5=0,E6=0,F1=0,F2=0,F3=0,F4=0,F5=0,F6=0', '2015-05-25 20:32:00'),
(123, 34, 2, 4, 4, 'A1=4,A2=4,A3=2,A4=0,A5=0,A6=0,B1=0,B2=0,B3=0,B4=0,B5=0,B6=0,C1=0,C2=0,C3=0,C4=0,C5=0,C6=0,D1=0,D2=0,D3=0,D4=0,D5=0,D6=0,E1=0,E2=0,E3=0,E4=0,E5=0,E6=0,F1=0,F2=0,F3=0,F4=0,F5=0,F6=0', '2015-05-25 20:32:18'),
(124, 34, 1, 8, 4, 'A1=4,A2=4,A3=4,A4=0,A5=0,A6=0,B1=0,B2=0,B3=0,B4=0,B5=0,B6=0,C1=0,C2=0,C3=0,C4=0,C5=0,C6=0,D1=0,D2=0,D3=0,D4=0,D5=0,D6=0,E1=0,E2=0,E3=0,E4=0,E5=0,E6=0,F1=0,F2=0,F3=0,F4=0,F5=0,F6=0', '2015-05-25 20:44:08'),
(125, 34, 1, 12, 4, 'A1=4,A2=4,A3=4,A4=0,A5=0,A6=0,B1=0,B2=0,B3=0,B4=0,B5=0,B6=0,C1=0,C2=0,C3=0,C4=0,C5=0,C6=0,D1=0,D2=0,D3=0,D4=0,D5=0,D6=0,E1=0,E2=0,E3=0,E4=0,E5=0,E6=0,F1=0,F2=0,F3=0,F4=0,F5=0,F6=0', '2015-05-25 20:50:25'),
(126, 34, 1, 16, 4, 'A1=4,A2=4,A3=4,A4=0,A5=0,A6=0,B1=0,B2=0,B3=0,B4=0,B5=0,B6=0,C1=0,C2=0,C3=0,C4=0,C5=0,C6=0,D1=0,D2=0,D3=0,D4=0,D5=0,D6=0,E1=0,E2=0,E3=0,E4=0,E5=0,E6=0,F1=0,F2=0,F3=0,F4=0,F5=0,F6=0', '2015-05-25 20:50:27'),
(127, 34, 1, 20, 4, 'A1=4,A2=4,A3=4,A4=0,A5=0,A6=0,B1=0,B2=0,B3=0,B4=0,B5=0,B6=0,C1=0,C2=0,C3=0,C4=0,C5=0,C6=0,D1=0,D2=0,D3=0,D4=0,D5=0,D6=0,E1=0,E2=0,E3=0,E4=0,E5=0,E6=0,F1=0,F2=0,F3=0,F4=0,F5=0,F6=0', '2015-05-25 20:50:28'),
(128, 34, 1, 24, 4, 'A1=4,A2=4,A3=4,A4=0,A5=0,A6=0,B1=0,B2=0,B3=0,B4=0,B5=0,B6=0,C1=0,C2=0,C3=0,C4=0,C5=0,C6=0,D1=0,D2=0,D3=0,D4=0,D5=0,D6=0,E1=0,E2=0,E3=0,E4=0,E5=0,E6=0,F1=0,F2=0,F3=0,F4=0,F5=0,F6=0', '2015-05-25 20:52:45'),
(129, 35, 0, 0, 0, 'A1=1,A2=1,A3=2,A4=0,A5=0,A6=0,B1=0,B2=0,B3=0,B4=0,B5=0,B6=0,C1=0,C2=0,C3=0,C4=0,C5=0,C6=0,D1=0,D2=0,D3=0,D4=0,D5=0,D6=0,E1=0,E2=0,E3=0,E4=0,E5=0,E6=0,F1=0,F2=0,F3=0,F4=0,F5=0,F6=0', '2015-05-25 20:52:59'),
(130, 35, 1, 4, 0, 'A1=4,A2=1,A3=2,A4=0,A5=0,A6=0,B1=0,B2=0,B3=0,B4=0,B5=0,B6=0,C1=0,C2=0,C3=0,C4=0,C5=0,C6=0,D1=0,D2=0,D3=0,D4=0,D5=0,D6=0,E1=0,E2=0,E3=0,E4=0,E5=0,E6=0,F1=0,F2=0,F3=0,F4=0,F5=0,F6=0', '2015-05-25 20:58:12'),
(131, 35, 2, 4, 4, 'A1=4,A2=4,A3=2,A4=0,A5=0,A6=0,B1=0,B2=0,B3=0,B4=0,B5=0,B6=0,C1=0,C2=0,C3=0,C4=0,C5=0,C6=0,D1=0,D2=0,D3=0,D4=0,D5=0,D6=0,E1=0,E2=0,E3=0,E4=0,E5=0,E6=0,F1=0,F2=0,F3=0,F4=0,F5=0,F6=0', '2015-05-25 20:59:06'),
(132, 35, 1, 8, 4, 'A1=4,A2=4,A3=4,A4=0,A5=0,A6=0,B1=0,B2=0,B3=0,B4=0,B5=0,B6=0,C1=0,C2=0,C3=0,C4=0,C5=0,C6=0,D1=0,D2=0,D3=0,D4=0,D5=0,D6=0,E1=0,E2=0,E3=0,E4=0,E5=0,E6=0,F1=0,F2=0,F3=0,F4=0,F5=0,F6=0', '2015-05-25 21:00:40'),
(133, 35, 1, 12, 4, 'A1=4,A2=4,A3=4,A4=0,A5=0,A6=0,B1=0,B2=0,B3=0,B4=0,B5=0,B6=0,C1=0,C2=0,C3=0,C4=0,C5=0,C6=0,D1=0,D2=0,D3=0,D4=0,D5=0,D6=0,E1=0,E2=0,E3=0,E4=0,E5=0,E6=0,F1=0,F2=0,F3=0,F4=0,F5=0,F6=0', '2015-05-25 21:00:51'),
(134, 35, 1, 16, 4, 'A1=4,A2=4,A3=4,A4=0,A5=0,A6=0,B1=0,B2=0,B3=0,B4=0,B5=0,B6=0,C1=0,C2=0,C3=0,C4=0,C5=0,C6=0,D1=0,D2=0,D3=0,D4=0,D5=0,D6=0,E1=0,E2=0,E3=0,E4=0,E5=0,E6=0,F1=0,F2=0,F3=0,F4=0,F5=0,F6=0', '2015-05-25 21:05:43'),
(135, 35, 1, 20, 4, 'A1=4,A2=4,A3=4,A4=0,A5=0,A6=0,B1=0,B2=0,B3=0,B4=0,B5=0,B6=0,C1=0,C2=0,C3=0,C4=0,C5=0,C6=0,D1=0,D2=0,D3=0,D4=0,D5=0,D6=0,E1=0,E2=0,E3=0,E4=0,E5=0,E6=0,F1=0,F2=0,F3=0,F4=0,F5=0,F6=0', '2015-05-25 21:05:47'),
(136, 35, 1, 24, 4, 'A1=4,A2=4,A3=4,A4=0,A5=0,A6=0,B1=0,B2=0,B3=0,B4=0,B5=0,B6=0,C1=0,C2=0,C3=0,C4=0,C5=0,C6=0,D1=0,D2=0,D3=0,D4=0,D5=0,D6=0,E1=0,E2=0,E3=0,E4=0,E5=0,E6=0,F1=0,F2=0,F3=0,F4=0,F5=0,F6=0', '2015-05-25 21:05:49'),
(137, 36, 0, 0, 0, 'A1=1,A2=1,A3=2,A4=0,A5=0,A6=0,B1=0,B2=0,B3=0,B4=0,B5=0,B6=0,C1=0,C2=0,C3=0,C4=0,C5=0,C6=0,D1=0,D2=0,D3=0,D4=0,D5=0,D6=0,E1=0,E2=0,E3=0,E4=0,E5=0,E6=0,F1=0,F2=0,F3=0,F4=0,F5=0,F6=0', '2015-05-25 21:17:02'),
(138, 36, 1, 4, 0, 'A1=4,A2=1,A3=2,A4=0,A5=0,A6=0,B1=0,B2=0,B3=0,B4=0,B5=0,B6=0,C1=0,C2=0,C3=0,C4=0,C5=0,C6=0,D1=0,D2=0,D3=0,D4=0,D5=0,D6=0,E1=0,E2=0,E3=0,E4=0,E5=0,E6=0,F1=0,F2=0,F3=0,F4=0,F5=0,F6=0', '2015-05-25 21:17:11'),
(139, 36, 2, 4, 4, 'A1=4,A2=4,A3=2,A4=0,A5=0,A6=0,B1=0,B2=0,B3=0,B4=0,B5=0,B6=0,C1=0,C2=0,C3=0,C4=0,C5=0,C6=0,D1=0,D2=0,D3=0,D4=0,D5=0,D6=0,E1=0,E2=0,E3=0,E4=0,E5=0,E6=0,F1=0,F2=0,F3=0,F4=0,F5=0,F6=0', '2015-05-25 21:18:05'),
(140, 36, 1, 8, 4, 'A1=4,A2=4,A3=4,A4=0,A5=0,A6=0,B1=0,B2=0,B3=0,B4=0,B5=0,B6=0,C1=0,C2=0,C3=0,C4=0,C5=0,C6=0,D1=0,D2=0,D3=0,D4=0,D5=0,D6=0,E1=0,E2=0,E3=0,E4=0,E5=0,E6=0,F1=0,F2=0,F3=0,F4=0,F5=0,F6=0', '2015-05-25 21:18:35'),
(141, 37, 0, 0, 0, 'A1=1,A2=1,A3=2,A4=0,A5=0,A6=0,B1=0,B2=0,B3=0,B4=0,B5=0,B6=0,C1=0,C2=0,C3=0,C4=0,C5=0,C6=0,D1=0,D2=0,D3=0,D4=0,D5=0,D6=0,E1=0,E2=0,E3=0,E4=0,E5=0,E6=0,F1=0,F2=0,F3=0,F4=0,F5=0,F6=0', '2015-05-25 21:19:36'),
(142, 37, 1, 4, 0, 'A1=1,A2=4,A3=2,A4=0,A5=0,A6=0,B1=0,B2=0,B3=0,B4=0,B5=0,B6=0,C1=0,C2=0,C3=0,C4=0,C5=0,C6=0,D1=0,D2=0,D3=0,D4=0,D5=0,D6=0,E1=0,E2=0,E3=0,E4=0,E5=0,E6=0,F1=0,F2=0,F3=0,F4=0,F5=0,F6=0', '2015-05-25 21:19:41'),
(143, 37, 2, 4, 4, 'A1=4,A2=4,A3=2,A4=0,A5=0,A6=0,B1=0,B2=0,B3=0,B4=0,B5=0,B6=0,C1=0,C2=0,C3=0,C4=0,C5=0,C6=0,D1=0,D2=0,D3=0,D4=0,D5=0,D6=0,E1=0,E2=0,E3=0,E4=0,E5=0,E6=0,F1=0,F2=0,F3=0,F4=0,F5=0,F6=0', '2015-05-25 21:19:54'),
(144, 37, 1, 8, 4, 'A1=4,A2=4,A3=4,A4=0,A5=0,A6=0,B1=0,B2=0,B3=0,B4=0,B5=0,B6=0,C1=0,C2=0,C3=0,C4=0,C5=0,C6=0,D1=0,D2=0,D3=0,D4=0,D5=0,D6=0,E1=0,E2=0,E3=0,E4=0,E5=0,E6=0,F1=0,F2=0,F3=0,F4=0,F5=0,F6=0', '2015-05-25 21:20:03'),
(145, 38, 0, 0, 0, 'A1=1,A2=1,A3=0,A4=0,A5=0,A6=0,B1=0,B2=0,B3=0,B4=0,B5=0,B6=0,C1=0,C2=0,C3=0,C4=0,C5=0,C6=0,D1=0,D2=0,D3=0,D4=0,D5=0,D6=0,E1=0,E2=0,E3=0,E4=0,E5=0,E6=0,F1=0,F2=0,F3=0,F4=0,F5=0,F6=0', '2015-05-25 21:22:11'),
(146, 38, 1, 4, 0, 'A1=4,A2=1,A3=0,A4=0,A5=0,A6=0,B1=0,B2=0,B3=0,B4=0,B5=0,B6=0,C1=0,C2=0,C3=0,C4=0,C5=0,C6=0,D1=0,D2=0,D3=0,D4=0,D5=0,D6=0,E1=0,E2=0,E3=0,E4=0,E5=0,E6=0,F1=0,F2=0,F3=0,F4=0,F5=0,F6=0', '2015-05-25 21:22:57'),
(147, 38, 2, 4, 4, 'A1=4,A2=4,A3=0,A4=0,A5=0,A6=0,B1=0,B2=0,B3=0,B4=0,B5=0,B6=0,C1=0,C2=0,C3=0,C4=0,C5=0,C6=0,D1=0,D2=0,D3=0,D4=0,D5=0,D6=0,E1=0,E2=0,E3=0,E4=0,E5=0,E6=0,F1=0,F2=0,F3=0,F4=0,F5=0,F6=0', '2015-05-25 21:23:08'),
(148, 39, 0, 0, 0, 'A1=0,A2=0,A3=2,A4=2,A5=2,A6=2,B1=0,B2=2,B3=0,B4=0,B5=0,B6=0,C1=0,C2=2,C3=0,C4=1,C5=1,C6=0,D1=0,D2=2,D3=0,D4=0,D5=0,D6=0,E1=0,E2=2,E3=0,E4=0,E5=1,E6=0,F1=0,F2=0,F3=0,F4=0,F5=1,F6=0', '2015-05-25 21:27:38'),
(149, 39, 1, 0, 0, 'A1=3,A2=0,A3=2,A4=2,A5=2,A6=2,B1=0,B2=2,B3=0,B4=0,B5=0,B6=0,C1=0,C2=2,C3=0,C4=1,C5=1,C6=0,D1=0,D2=2,D3=0,D4=0,D5=0,D6=0,E1=0,E2=2,E3=0,E4=0,E5=1,E6=0,F1=0,F2=0,F3=0,F4=0,F5=1,F6=0', '2015-05-25 21:28:00'),
(150, 39, 2, 0, 0, 'A1=3,A2=0,A3=2,A4=2,A5=2,A6=2,B1=0,B2=2,B3=0,B4=0,B5=0,B6=0,C1=0,C2=2,C3=0,C4=1,C5=1,C6=0,D1=0,D2=2,D3=0,D4=0,D5=0,D6=0,E1=0,E2=2,E3=0,E4=3,E5=1,E6=0,F1=0,F2=0,F3=0,F4=0,F5=1,F6=0', '2015-05-25 21:30:27'),
(151, 39, 1, 0, 0, 'A1=3,A2=3,A3=2,A4=2,A5=2,A6=2,B1=0,B2=2,B3=0,B4=0,B5=0,B6=0,C1=0,C2=2,C3=0,C4=1,C5=1,C6=0,D1=0,D2=2,D3=0,D4=0,D5=0,D6=0,E1=0,E2=2,E3=0,E4=3,E5=1,E6=0,F1=0,F2=0,F3=0,F4=0,F5=1,F6=0', '2015-05-25 21:31:12'),
(152, 39, 2, 0, 4, 'A1=3,A2=3,A3=2,A4=2,A5=2,A6=2,B1=0,B2=2,B3=0,B4=0,B5=0,B6=0,C1=0,C2=2,C3=0,C4=1,C5=4,C6=0,D1=0,D2=2,D3=0,D4=0,D5=0,D6=0,E1=0,E2=2,E3=0,E4=3,E5=1,E6=0,F1=0,F2=0,F3=0,F4=0,F5=1,F6=0', '2015-05-25 21:31:36'),
(153, 39, 1, 0, 4, 'A1=3,A2=3,A3=2,A4=2,A5=2,A6=2,B1=0,B2=2,B3=0,B4=0,B5=0,B6=0,C1=0,C2=2,C3=0,C4=1,C5=4,C6=0,D1=0,D2=2,D3=0,D4=0,D5=0,D6=0,E1=0,E2=2,E3=3,E4=3,E5=1,E6=0,F1=0,F2=0,F3=0,F4=0,F5=1,F6=0', '2015-05-25 21:32:24'),
(154, 39, 2, 0, 4, 'A1=3,A2=3,A3=2,A4=2,A5=2,A6=2,B1=0,B2=2,B3=0,B4=0,B5=0,B6=0,C1=0,C2=2,C3=0,C4=1,C5=4,C6=0,D1=0,D2=2,D3=0,D4=0,D5=3,D6=0,E1=0,E2=2,E3=3,E4=3,E5=1,E6=0,F1=0,F2=0,F3=0,F4=0,F5=1,F6=0', '2015-05-25 21:32:44'),
(155, 39, 1, 4, 4, 'A1=3,A2=3,A3=4,A4=2,A5=2,A6=2,B1=0,B2=2,B3=0,B4=0,B5=0,B6=0,C1=0,C2=2,C3=0,C4=1,C5=4,C6=0,D1=0,D2=2,D3=0,D4=0,D5=3,D6=0,E1=0,E2=2,E3=3,E4=3,E5=1,E6=0,F1=0,F2=0,F3=0,F4=0,F5=1,F6=0', '2015-05-25 21:34:16'),
(156, 39, 2, 4, 8, 'A1=3,A2=3,A3=4,A4=4,A5=2,A6=2,B1=0,B2=2,B3=0,B4=0,B5=0,B6=0,C1=0,C2=2,C3=0,C4=1,C5=4,C6=0,D1=0,D2=2,D3=0,D4=0,D5=3,D6=0,E1=0,E2=2,E3=3,E4=3,E5=1,E6=0,F1=0,F2=0,F3=0,F4=0,F5=1,F6=0', '2015-05-25 21:34:35'),
(157, 39, 1, 8, 8, 'A1=3,A2=3,A3=4,A4=4,A5=4,A6=2,B1=0,B2=2,B3=0,B4=0,B5=0,B6=0,C1=0,C2=2,C3=0,C4=1,C5=4,C6=0,D1=0,D2=2,D3=0,D4=0,D5=3,D6=0,E1=0,E2=2,E3=3,E4=3,E5=1,E6=0,F1=0,F2=0,F3=0,F4=0,F5=1,F6=0', '2015-05-25 21:35:20'),
(158, 39, 2, 8, 12, 'A1=3,A2=3,A3=4,A4=4,A5=4,A6=4,B1=0,B2=2,B3=0,B4=0,B5=0,B6=0,C1=0,C2=2,C3=0,C4=1,C5=4,C6=0,D1=0,D2=2,D3=0,D4=0,D5=3,D6=0,E1=0,E2=2,E3=3,E4=3,E5=1,E6=0,F1=0,F2=0,F3=0,F4=0,F5=1,F6=0', '2015-05-25 21:35:40'),
(159, 39, 1, 12, 12, 'A1=3,A2=3,A3=4,A4=4,A5=4,A6=4,B1=0,B2=2,B3=0,B4=0,B5=0,B6=0,C1=0,C2=2,C3=0,C4=4,C5=4,C6=0,D1=0,D2=2,D3=0,D4=0,D5=3,D6=0,E1=0,E2=2,E3=3,E4=3,E5=1,E6=0,F1=0,F2=0,F3=0,F4=0,F5=1,F6=0', '2015-05-25 21:39:31'),
(160, 39, 2, 12, 12, 'A1=3,A2=3,A3=4,A4=4,A5=4,A6=4,B1=0,B2=2,B3=0,B4=0,B5=0,B6=0,C1=0,C2=2,C3=3,C4=4,C5=4,C6=0,D1=0,D2=2,D3=0,D4=0,D5=3,D6=0,E1=0,E2=2,E3=3,E4=3,E5=1,E6=0,F1=0,F2=0,F3=0,F4=0,F5=1,F6=0', '2015-05-25 21:39:51'),
(161, 39, 1, 12, 12, 'A1=3,A2=3,A3=4,A4=4,A5=4,A6=4,B1=0,B2=2,B3=0,B4=0,B5=0,B6=0,C1=0,C2=2,C3=3,C4=4,C5=4,C6=3,D1=0,D2=2,D3=0,D4=0,D5=3,D6=0,E1=0,E2=2,E3=3,E4=3,E5=1,E6=0,F1=0,F2=0,F3=0,F4=0,F5=1,F6=0', '2015-05-25 21:40:18'),
(162, 39, 2, 12, 12, 'A1=3,A2=3,A3=4,A4=4,A5=4,A6=4,B1=0,B2=2,B3=0,B4=0,B5=0,B6=0,C1=0,C2=2,C3=3,C4=4,C5=4,C6=3,D1=0,D2=2,D3=3,D4=0,D5=3,D6=0,E1=0,E2=2,E3=3,E4=3,E5=1,E6=0,F1=0,F2=0,F3=0,F4=0,F5=1,F6=0', '2015-05-25 21:40:43'),
(163, 39, 1, 12, 12, 'A1=3,A2=3,A3=4,A4=4,A5=4,A6=4,B1=0,B2=2,B3=0,B4=0,B5=0,B6=0,C1=0,C2=2,C3=3,C4=4,C5=4,C6=3,D1=0,D2=2,D3=3,D4=0,D5=3,D6=0,E1=0,E2=2,E3=3,E4=3,E5=1,E6=0,F1=0,F2=3,F3=0,F4=0,F5=1,F6=0', '2015-05-25 21:42:24'),
(164, 39, 2, 12, 12, 'A1=3,A2=3,A3=4,A4=4,A5=4,A6=4,B1=0,B2=2,B3=0,B4=0,B5=0,B6=0,C1=0,C2=2,C3=3,C4=4,C5=4,C6=3,D1=0,D2=2,D3=3,D4=0,D5=3,D6=0,E1=0,E2=2,E3=3,E4=3,E5=1,E6=3,F1=0,F2=3,F3=0,F4=0,F5=1,F6=0', '2015-05-25 21:43:10'),
(165, 39, 1, 12, 12, 'A1=3,A2=3,A3=4,A4=4,A5=4,A6=4,B1=0,B2=2,B3=0,B4=0,B5=0,B6=0,C1=0,C2=2,C3=3,C4=4,C5=4,C6=3,D1=0,D2=2,D3=3,D4=0,D5=3,D6=0,E1=0,E2=2,E3=3,E4=3,E5=1,E6=3,F1=0,F2=3,F3=3,F4=0,F5=1,F6=0', '2015-05-25 21:43:38'),
(166, 39, 2, 12, 16, 'A1=3,A2=3,A3=4,A4=4,A5=4,A6=4,B1=0,B2=2,B3=0,B4=0,B5=0,B6=0,C1=0,C2=2,C3=3,C4=4,C5=4,C6=3,D1=0,D2=2,D3=3,D4=0,D5=3,D6=0,E1=0,E2=2,E3=3,E4=3,E5=1,E6=3,F1=0,F2=3,F3=3,F4=0,F5=4,F6=0', '2015-05-25 21:43:58'),
(167, 39, 1, 12, 16, 'A1=3,A2=3,A3=4,A4=4,A5=4,A6=4,B1=0,B2=2,B3=0,B4=0,B5=0,B6=0,C1=0,C2=2,C3=3,C4=4,C5=4,C6=3,D1=0,D2=2,D3=3,D4=0,D5=3,D6=0,E1=0,E2=2,E3=3,E4=3,E5=1,E6=3,F1=0,F2=3,F3=3,F4=0,F5=4,F6=3', '2015-05-25 21:44:36'),
(168, 39, 2, 12, 20, 'A1=3,A2=3,A3=4,A4=4,A5=4,A6=4,B1=0,B2=2,B3=0,B4=0,B5=0,B6=0,C1=0,C2=2,C3=3,C4=4,C5=4,C6=3,D1=0,D2=2,D3=3,D4=0,D5=3,D6=0,E1=0,E2=2,E3=3,E4=3,E5=4,E6=3,F1=0,F2=3,F3=3,F4=0,F5=4,F6=3', '2015-05-25 21:45:00'),
(169, 39, 1, 12, 20, 'A1=3,A2=3,A3=4,A4=4,A5=4,A6=4,B1=0,B2=2,B3=3,B4=0,B5=0,B6=0,C1=0,C2=2,C3=3,C4=4,C5=4,C6=3,D1=0,D2=2,D3=3,D4=0,D5=3,D6=0,E1=0,E2=2,E3=3,E4=3,E5=4,E6=3,F1=0,F2=3,F3=3,F4=0,F5=4,F6=3', '2015-05-25 21:45:40'),
(170, 39, 2, 12, 20, 'A1=3,A2=3,A3=4,A4=4,A5=4,A6=4,B1=0,B2=2,B3=3,B4=0,B5=3,B6=0,C1=0,C2=2,C3=3,C4=4,C5=4,C6=3,D1=0,D2=2,D3=3,D4=0,D5=3,D6=0,E1=0,E2=2,E3=3,E4=3,E5=4,E6=3,F1=0,F2=3,F3=3,F4=0,F5=4,F6=3', '2015-05-25 21:46:09'),
(171, 39, 1, 12, 20, 'A1=3,A2=3,A3=4,A4=4,A5=4,A6=4,B1=0,B2=2,B3=3,B4=0,B5=3,B6=0,C1=0,C2=2,C3=3,C4=4,C5=4,C6=3,D1=3,D2=2,D3=3,D4=0,D5=3,D6=0,E1=0,E2=2,E3=3,E4=3,E5=4,E6=3,F1=0,F2=3,F3=3,F4=0,F5=4,F6=3', '2015-05-25 21:46:37'),
(172, 39, 2, 12, 24, 'A1=3,A2=3,A3=4,A4=4,A5=4,A6=4,B1=0,B2=2,B3=3,B4=0,B5=3,B6=0,C1=0,C2=4,C3=3,C4=4,C5=4,C6=3,D1=3,D2=2,D3=3,D4=0,D5=3,D6=0,E1=0,E2=2,E3=3,E4=3,E5=4,E6=3,F1=0,F2=3,F3=3,F4=0,F5=4,F6=3', '2015-05-25 21:46:56'),
(173, 39, 1, 12, 24, 'A1=3,A2=3,A3=4,A4=4,A5=4,A6=4,B1=0,B2=2,B3=3,B4=0,B5=3,B6=0,C1=3,C2=4,C3=3,C4=4,C5=4,C6=3,D1=3,D2=2,D3=3,D4=0,D5=3,D6=0,E1=0,E2=2,E3=3,E4=3,E5=4,E6=3,F1=0,F2=3,F3=3,F4=0,F5=4,F6=3', '2015-05-25 21:47:24'),
(174, 39, 2, 12, 28, 'A1=3,A2=3,A3=4,A4=4,A5=4,A6=4,B1=0,B2=4,B3=3,B4=0,B5=3,B6=0,C1=3,C2=4,C3=3,C4=4,C5=4,C6=3,D1=3,D2=2,D3=3,D4=0,D5=3,D6=0,E1=0,E2=2,E3=3,E4=3,E5=4,E6=3,F1=0,F2=3,F3=3,F4=0,F5=4,F6=3', '2015-05-25 21:47:49'),
(175, 39, 1, 16, 28, 'A1=3,A2=3,A3=4,A4=4,A5=4,A6=4,B1=0,B2=4,B3=3,B4=0,B5=3,B6=0,C1=3,C2=4,C3=3,C4=4,C5=4,C6=3,D1=3,D2=4,D3=3,D4=0,D5=3,D6=0,E1=0,E2=2,E3=3,E4=3,E5=4,E6=3,F1=0,F2=3,F3=3,F4=0,F5=4,F6=3', '2015-05-25 21:48:13'),
(176, 39, 2, 16, 32, 'A1=3,A2=3,A3=4,A4=4,A5=4,A6=4,B1=0,B2=4,B3=3,B4=0,B5=3,B6=0,C1=3,C2=4,C3=3,C4=4,C5=4,C6=3,D1=3,D2=4,D3=3,D4=0,D5=3,D6=0,E1=0,E2=4,E3=3,E4=3,E5=4,E6=3,F1=0,F2=3,F3=3,F4=0,F5=4,F6=3', '2015-05-25 21:48:34');

-- --------------------------------------------------------

--
-- Structure de la table `users`
--

CREATE TABLE IF NOT EXISTS `users` (
  `id` int(10) unsigned NOT NULL AUTO_INCREMENT,
  `login` varchar(50) NOT NULL,
  `password` varchar(255) NOT NULL,
  `firstname` varchar(50) NOT NULL,
  `lastname` varchar(50) NOT NULL,
  `date` datetime NOT NULL,
  PRIMARY KEY (`id`)
) ENGINE=InnoDB  DEFAULT CHARSET=utf8 AUTO_INCREMENT=15 ;

--
-- Contenu de la table `users`
--

INSERT INTO `users` (`id`, `login`, `password`, `firstname`, `lastname`, `date`) VALUES
(9, 'test', 'dz+OpDDBFZ5z5YuLUTJNueTELaK6OpieJrUypuk0+CE=', 'Test', 'Tests', '2015-05-23 02:04:26'),
(10, 'test1', 'dz+OpDDBFZ5z5YuLUTJNueTELaK6OpieJrUypuk0+CE=', 'Test1', 'Test', '2015-05-25 12:46:38'),
(11, 'test2', 'dz+OpDDBFZ5z5YuLUTJNueTELaK6OpieJrUypuk0+CE=', 'Test2', 'Test', '2015-05-25 12:46:40'),
(12, 'aiai', 'dKIMcSV9vn7Mf2ooz4hZDm/59sVUDcrcyOq4+XGV/QM=', 'Aïcha', 'Fahmi', '2015-05-25 15:25:34'),
(13, 'youyou', 'Xl7PBZ/AkFvVX5/vdtVK93w5tfxfahKAmif7510xPS0=', 'Youssof', 'Fahmi', '2015-05-25 15:27:22'),
(14, 'afahmi', 'y7yReZ4TMZydpkRow1JueQlDwlYAoDuOTyau0QcSAQo=', 'abderrahim', 'fahmi', '2015-05-25 21:26:25');

/*!40101 SET CHARACTER_SET_CLIENT=@OLD_CHARACTER_SET_CLIENT */;
/*!40101 SET CHARACTER_SET_RESULTS=@OLD_CHARACTER_SET_RESULTS */;
/*!40101 SET COLLATION_CONNECTION=@OLD_COLLATION_CONNECTION */;
